accepted_name,source_publication,variant_name
Alouatta caraya,Bauernfeind2013,Alouatta caraya
Alouatta seniculus,Baron1983,Alouatta spp.
Alouatta seniculus,Baron1987,Alouatta seniculus
Alouatta seniculus,Baron1988,Alouatta seniculus
Alouatta seniculus,Baron1990,Alouatta seniculus
Alouatta seniculus,Frahm1982,Alouatta sp.
Alouatta seniculus,Frahm1994,Alouatta seniculus
Alouatta seniculus,Frahm98,Alouatta seniculus
Alouatta seniculus,Frahm_1984,Alouatta sp.
Alouatta seniculus,Matano1985b,Alouatta seniculus
Alouatta seniculus,Matano1985a,Alouatta seniculus
Alouatta seniculus,Sherwood_2005,Alouatta seniculus
Alouatta seniculus,Stephan1981,Alouatta sp.
Alouatta seniculus,Stephan1982,Alouatta sp.
Alouatta seniculus,Stephan1984,Alouatta spp.
Alouatta seniculus,Stephan1987,Alouatta seniculus
Alouatta seniculus,deSousa2010,Alouatta seniculus
Aotus trivirgatus,Baron1983,Aotus trivirgatus
Aotus trivirgatus,Baron1987,Aotus trivirgatus
Aotus trivirgatus,Baron1988,Aotus trivirgatus
Aotus trivirgatus,Baron1990,Aotus trivirgatus
Aotus trivirgatus,Frahm1982,Aotus trivirgatus
Aotus trivirgatus,Frahm1994,Aotus trivirgatus
Aotus trivirgatus,Frahm98,Aotus trivirgatus
Aotus trivirgatus,Frahm_1984,Aotus trivirgatus
Aotus trivirgatus,Matano1985b,Aotus trivirgatus
Aotus trivirgatus,Matano1985a,Aotus trivirgatus
Aotus trivirgatus,Sherwood_2005,Aotus trivirgatus
Aotus trivirgatus,Stephan1981,Aotus trivirgatus
Aotus trivirgatus,Stephan1982,Aotus trivirgatus
Aotus trivirgatus,Stephan1984,Aotus trivirgatus
Aotus trivirgatus,Stephan1987,Aotus trivirgatua
Aotus trivirgatus,deSousa2010,Aotus trivirgatus
Atelerix algirus,Baron1983,Erinaceus algirus
Atelerix algirus,Baron1987,Erinaceus algirus
Atelerix algirus,Baron1988,Erinaceus algirus
Atelerix algirus,Baron1990,Atelerix algirus
Atelerix algirus,Frahm1982,Erinaceus algirus
Atelerix algirus,Stephan1981,Aethechinus algirus
Atelerix algirus,Stephan1982,Erinaceus algirus
Atelerix algirus,Stephan1984,Aethechinus algirus
Atelerix algirus,Stephan1987,Erinaceus algirus
Ateles geoffroyi,Baron1983,Ateles geoffroyi
Ateles geoffroyi,Baron1987,Ateles geoffroyi
Ateles geoffroyi,Baron1988,Ateles geoffroyi
Ateles geoffroyi,Baron1990,Ateles geoffroyi
Ateles geoffroyi,Bauernfeind2013,Ateles geoffroyi
Ateles geoffroyi,Frahm1994,Ateles geoffroyi
Ateles geoffroyi,Frahm_1984,Ateles geoffroyi
Ateles geoffroyi,Matano1985b,Ateles geoffroyi
Ateles geoffroyi,Matano1985a,Ateles geoffroyi
Ateles geoffroyi,Sherwood_2005,Ateles geoffroyi
Ateles geoffroyi,Stephan1981,Ateles geoffroyi
Ateles geoffroyi,Stephan1982,Ateles geoffroyi
Ateles geoffroyi,Stephan1984,Ateles geoffroyi
Ateles geoffroyi,Stephan1987,Ateles geoffroyi
Ateles geoffroyi,deSousa2010,Ateles geoffroyi
Avahi laniger,Baron1983,Avahi laniger laniger
Avahi laniger,Baron1987,Avahi l. laniger
Avahi laniger,Baron1988,Avahi laniger laniger
Avahi laniger,Baron1990,Avahi laniger laniger
Avahi laniger,Frahm1994,Avahi laniger laniger
Avahi laniger,Frahm_1984,Avahi l. laniger
Avahi laniger,Matano1985b,Avahi laniger laniger
Avahi laniger,Matano1985a,Avahi l. laniger
Avahi laniger,Sherwood_2005,Avahi laniger laniger
Avahi laniger,Stephan1981,Avahi l. laniger
Avahi laniger,Stephan1982,Avahi laniger lan.
Avahi laniger,Stephan1984,Avahi l. laniger
Avahi laniger,Stephan1987,Avahi l. laniger
Avahi laniger,deSousa2010,Avahi laniger
Avahi occidentalis,Baron1983,Avahi I. occidentalis
Avahi occidentalis,Baron1987,Avahi l. occidentalis
Avahi occidentalis,Baron1988,Avahi laniger occidentalis
Avahi occidentalis,Baron1990,Avahi laniger occidentalis
Avahi occidentalis,Bauernfeind2013,Avahi laniger
Avahi occidentalis,Frahm1982,Avahi laniger occidentalis
Avahi occidentalis,Frahm1994,Avahi l. occidentalis
Avahi occidentalis,Frahm_1984,Avahi laniger occidentalis
Avahi occidentalis,Matano1985b,Avahi l. occidentalis
Avahi occidentalis,Matano1985a,Avahi l. occidentalis
Avahi occidentalis,Sherwood_2005,Avahi laniger occidentalis
Avahi occidentalis,Stephan1981,Avahi laniger occidentalis
Avahi occidentalis,Stephan1982,Avahi laniger occ.
Avahi occidentalis,Stephan1984,Avahi l. occidentalis
Avahi occidentalis,Stephan1987,Avahi l. occidentalis
Blarina brevicauda,Baron1987,Blarina brevicauda
Blarina brevicauda,Baron1988,Blarina brevicauda
Blarina brevicauda,Baron1990,Blarina brevicauda
Blarina brevicauda,Stephan1987,Blarina brevicauda
Callicebus moloch,Baron1983,Callicebus moloch
Callicebus moloch,Baron1987,Callicebus moloch
Callicebus moloch,Baron1988,Callicebus moloch
Callicebus moloch,Baron1990,Callicebus moloch
Callicebus moloch,Frahm1994,Callicebus moloch
Callicebus moloch,Frahm98,Callicebus moloch
Callicebus moloch,Frahm_1984,Callicebus moloch
Callicebus moloch,Matano1985b,Callicebus moloch
Callicebus moloch,Matano1985a,Callicebus moloch
Callicebus moloch,Sherwood_2005,Callicebus moloch
Callicebus moloch,Stephan1981,Callicebus moloch
Callicebus moloch,Stephan1982,Callicebus moloch
Callicebus moloch,Stephan1984,Callicebus moloch
Callicebus moloch,Stephan1987,Callicebus moloch
Callicebus moloch,deSousa2010,Callicebus moloch
Callimico goeldii,Baron1983,Callimico goeldii
Callimico goeldii,Baron1987,Callimico goeldii
Callimico goeldii,Baron1988,Callimico goeldii
Callimico goeldii,Baron1990,Callimico goeldii
Callimico goeldii,Frahm1994,Callimico goeldi
Callimico goeldii,Frahm98,Callimico goeldii
Callimico goeldii,Sherwood_2005,Callimico goeldii
Callimico goeldii,Stephan1981,Callimico goeldii
Callimico goeldii,Stephan1982,Callimico goeldii
Callimico goeldii,Stephan1987,Callimico goeldii
Callithrix jacchus,Baron1983,Callithrix jacchus
Callithrix jacchus,Baron1987,Callithrix jacchus
Callithrix jacchus,Baron1988,Callithrix jacchus
Callithrix jacchus,Baron1990,Callithrix jacchus
Callithrix jacchus,Frahm1982,Callithrix jacchus
Callithrix jacchus,Frahm1994,Callithrix jacchus
Callithrix jacchus,Frahm98,Callithrix jacchus
Callithrix jacchus,Frahm_1984,Callithrix jacchus
Callithrix jacchus,Matano1985b,Callithrix jacchus
Callithrix jacchus,Matano1985a,Callithrix jacchus
Callithrix jacchus,Sherwood_2005,Callithrix jacchus
Callithrix jacchus,Stephan1981,Callithrix jacchus
Callithrix jacchus,Stephan1982,Callithrix jacchus
Callithrix jacchus,Stephan1984,Callithrix jacchus
Callithrix jacchus,Stephan1987,Callithrix jacchus
Callithrix jacchus,deSousa2010,Callithrix jacchus
Callithrix pygmaea,Baron1983,Cebuella pygmaea
Callithrix pygmaea,Baron1987,Cebuella pygmaea
Callithrix pygmaea,Baron1988,Cebuella pygmaea
Callithrix pygmaea,Baron1990,Cebuella pygmaea
Callithrix pygmaea,Bauernfeind2013,Callithrix pygmaea
Callithrix pygmaea,Frahm1982,Cebuella pygmaea
Callithrix pygmaea,Frahm1994,Cebuella pygmaea
Callithrix pygmaea,Frahm98,Cebuella pygmaea
Callithrix pygmaea,Frahm_1984,Cebuella pygmaea
Callithrix pygmaea,Matano1985b,Cebuella pygmaea
Callithrix pygmaea,Matano1985a,Cebuella pygmaea
Callithrix pygmaea,Sherwood_2005,Cebuella pygmaea
Callithrix pygmaea,Stephan1981,Cebuella pygmaea
Callithrix pygmaea,Stephan1982,Cebuella pygmaea
Callithrix pygmaea,Stephan1987,Cebuella pygmaea
Callithrix pygmaea,deSousa2010,Cebuella pygmaea
Cebus albifrons,Baron1983,Cebus spp.
Cebus albifrons,Baron1987,Cebus albifrons
Cebus albifrons,Baron1988,Cebus albifrons
Cebus albifrons,Baron1990,Cebus albifrons
Cebus albifrons,Bauernfeind2013,Cebus albifrons
Cebus albifrons,Frahm1982,Cebus sp.
Cebus albifrons,Frahm1994,Cebus albifrons
Cebus albifrons,Frahm98,Cebus spec.
Cebus albifrons,Frahm_1984,Cebus sp.
Cebus albifrons,Matano1985b,Cebus albifrons
Cebus albifrons,Matano1985a,Cebus albifrons
Cebus albifrons,Sherwood_2005,Cebus albifrons
Cebus albifrons,Stephan1981,Cebus sp.
Cebus albifrons,Stephan1982,Cebus sp.
Cebus albifrons,Stephan1984,Cebus spp.
Cebus albifrons,Stephan1987,Cebus albifrons
Cebus albifrons,deSousa2010,Cebus albifrons
Cercocebus agilis,Bauernfeind2013,Cercocebus agilis
Cercopithecus ascanius,Baron1983,Cercopithecus ascanius
Cercopithecus ascanius,Baron1987,Cercopithecus ascanius
Cercopithecus ascanius,Baron1988,Cercopithecus ascanius
Cercopithecus ascanius,Baron1990,Cercopithecus ascanius
Cercopithecus ascanius,Frahm1982,Cercopithecus ascanius
Cercopithecus ascanius,Frahm1994,Cercopithecus ascanius
Cercopithecus ascanius,Frahm98,Cercopithecus ascanius
Cercopithecus ascanius,Frahm_1984,Cercopithecus ascanius
Cercopithecus ascanius,Matano1985b,Cercopithecus ascanius
Cercopithecus ascanius,Matano1985a,Cercopithecus ascanius
Cercopithecus ascanius,Sherwood_2005,Cercopithecus ascanius
Cercopithecus ascanius,Stephan1981,Cercopithecus ascanius
Cercopithecus ascanius,Stephan1984,Cercopithecus ascanius
Cercopithecus ascanius,Stephan1987,Cercopithecus ascanius
Cercopithecus ascanius,deSousa2010,Cercopithecus ascanius
Cercopithecus ascanius,deSousa2013,Cercopithecus ascanius
Cercopithecus mitis,Baron1983,Cercopithecus mitis
Cercopithecus mitis,Baron1987,Cercopithecus mitis
Cercopithecus mitis,Baron1988,Cercopithecus mitis
Cercopithecus mitis,Baron1990,Cercopithecus mitis
Cercopithecus mitis,Bauernfeind2013,Cercopithecus kandti
Cercopithecus mitis,Frahm1994,Cercopithecus mitis
Cercopithecus mitis,Frahm98,Cercopithecus mitis
Cercopithecus mitis,Frahm_1984,Cercopithecus mitis
Cercopithecus mitis,Matano1985b,Cercopithecus mitis
Cercopithecus mitis,Matano1985a,Cercopithecus mitis
Cercopithecus mitis,Sherwood_2005,Cercopithecus mitis
Cercopithecus mitis,Stephan1981,Cercopithecus mitis
Cercopithecus mitis,Stephan1984,Cercopithecus mitis
Cercopithecus mitis,Stephan1987,Cercopithecus mitis
Cercopithecus mitis,deSousa2010,Cercopithecus mitus
Cercopithecus mitis,deSousa2013,Cercopithecus mitis
Cheirogaleus major,Baron1983,Cheirogaleus major
Cheirogaleus major,Baron1987,Cheirogaleus major
Cheirogaleus major,Baron1988,Cheirogaleus major
Cheirogaleus major,Baron1990,Cheirogaleus major
Cheirogaleus major,Frahm1994,Cheirogaleus major
Cheirogaleus major,Frahm98,Cheirogaleus major
Cheirogaleus major,Frahm_1984,Cheirogaleus major
Cheirogaleus major,Matano1985b,Cheirogaleus major
Cheirogaleus major,Matano1985a,Cheirogaleus major
Cheirogaleus major,Sherwood_2005,Cheirogaleus major
Cheirogaleus major,Stephan1981,Cheirogaleus major
Cheirogaleus major,Stephan1982,Cheirogaleus major
Cheirogaleus major,Stephan1984,Cheirogaleus major
Cheirogaleus major,Stephan1987,Cheirogaleus major
Cheirogaleus major,deSousa2010,Cheirogaleus major
Cheirogaleus medius,Baron1983,Cheirogaleus medius
Cheirogaleus medius,Baron1987,Cheirogaleus medius
Cheirogaleus medius,Baron1988,Cheirogaleus medius
Cheirogaleus medius,Baron1990,Cheirogaleus medius
Cheirogaleus medius,Frahm1994,Cheirogaleus medius
Cheirogaleus medius,Frahm_1984,Cheirogaleus medius
Cheirogaleus medius,Matano1985b,Cheirogaleus medius
Cheirogaleus medius,Matano1985a,Cheirogaleus medius
Cheirogaleus medius,Sherwood_2005,Cheirogaleus medius
Cheirogaleus medius,Stephan1981,Cheirogaleus medius
Cheirogaleus medius,Stephan1982,Cheirogaleus medius
Cheirogaleus medius,Stephan1984,Cheirogaleus medius
Cheirogaleus medius,Stephan1987,Cheirogaleus medius
Cheirogaleus medius,deSousa2010,Cheirogaleus medius
Chrysochloris asiatica,Baron1983,Chrysochloris asiatica
Chrysochloris asiatica,Baron1987,Chrysochloris asiatica
Chrysochloris asiatica,Stephan1981,Chrysochloris asiatica
Chrysochloris asiatica,Stephan1982,Chrysochloris asiat.
Chrysochloris asiatica,Stephan1987,Chrysochloris asiatica
Chrysochloris stuhlmanni,Baron1983,Chrysochloris stuhlmanni
Chrysochloris stuhlmanni,Baron1987,Chrysochloris stuhlmanni
Chrysochloris stuhlmanni,Baron1988,Chrysochloris stuhlmanni
Chrysochloris stuhlmanni,Baron1990,Chrysochloris stuhlmanni
Chrysochloris stuhlmanni,Stephan1981,Chlorotalpa stuhlmanni
Chrysochloris stuhlmanni,Stephan1982,Chrysochl. stuhlm.
Chrysochloris stuhlmanni,Stephan1987,Chrysochloris stuhlmanni
Colobus angolensis,Bauernfeind2013,Colobus angolensis
Colobus angolensis,deSousa2013,Colobus angolensis
Crocidura flavescens,Baron1983,Crocidura flavescens
Crocidura flavescens,Baron1987,Crocidura flavescens
Crocidura flavescens,Baron1988,Crocidura flavescens
Crocidura flavescens,Baron1990,Crocidura flavescens
Crocidura flavescens,Frahm1982,Crocidura flavescens
Crocidura flavescens,Matano1985a,Crocidura flavescens
Crocidura flavescens,Stephan1981,Crocidura occidentalis
Crocidura flavescens,Stephan1982,Crocidura flavesc.
Crocidura flavescens,Stephan1984,Crocidura occidentalis
Crocidura flavescens,Stephan1987,Crocidura flavescens
Crocidura hildegardeae,Baron1987,Crocidura hildegardea
Crocidura hildegardeae,Baron1988,Crocidura hildegardeae
Crocidura hildegardeae,Baron1990,Crocidura hildegardeae
Crocidura hildegardeae,Stephan1987,Crocidura hildegardeae
Crocidura jacksoni,Baron1987,Crocidura jacksoni
Crocidura jacksoni,Stephan1987,Crocidura jacksoni
Crocidura russula,Baron1983,Crocidura russula
Crocidura russula,Baron1987,Crocidura russula
Crocidura russula,Baron1988,Crocidura russula
Crocidura russula,Baron1990,Crocidura russula
Crocidura russula,Frahm1982,Crocidura russula
Crocidura russula,Matano1985a,Crocidura r. russula
Crocidura russula,Stephan1981,Crocidura russula
Crocidura russula,Stephan1982,Crocidura russula
Crocidura russula,Stephan1984,Crocidura russula
Crocidura russula,Stephan1987,Crocidura russula
Daubentonia madagascariensis,Baron1983,Daubentonia madagascar.
Daubentonia madagascariensis,Baron1987,Daubentonia madagasc.
Daubentonia madagascariensis,Baron1988,Daubentoni madagascar.
Daubentonia madagascariensis,Baron1990,Daubentoni madagascar.
Daubentonia madagascariensis,Frahm1982,Daubentonia madagascar.
Daubentonia madagascariensis,Frahm1994,Daubentonia madagascariensis
Daubentonia madagascariensis,Frahm_1984,Daubentonia madagascar.
Daubentonia madagascariensis,Matano1985b,Daubentonia madagasc.
Daubentonia madagascariensis,Matano1985a,Daubentonia madagasc.
Daubentonia madagascariensis,Sherwood_2005,Daubentonia madagascariensis
Daubentonia madagascariensis,Stephan1981,Daubentonia madagascar.
Daubentonia madagascariensis,Stephan1982,Daubentonia madagas.
Daubentonia madagascariensis,Stephan1984,Daubentonia madagascar.
Daubentonia madagascariensis,Stephan1987,Daubentonia madagasc.
Daubentonia madagascariensis,deSousa2010,Daubentonia madagascariensis
Desmana moschata,Baron1983,Desmana moschata
Desmana moschata,Baron1987,Desmana moschata
Desmana moschata,Baron1988,Desmana moschata
Desmana moschata,Baron1990,Desmana moschata
Desmana moschata,Stephan1981,Desmana moschata
Desmana moschata,Stephan1982,Desmana moschata
Desmana moschata,Stephan1984,Desmana moschata
Desmana moschata,Stephan1987,Desmana moschata
Echinops telfairi,Baron1983,Echinops telfairi
Echinops telfairi,Baron1987,Echinops telfairi
Echinops telfairi,Baron1988,Echinops telfairi
Echinops telfairi,Baron1990,Echinops telfairi
Echinops telfairi,Frahm1982,Echinops telfairi
Echinops telfairi,Frahm1994,Echinops telfairi
Echinops telfairi,Matano1985b,Echinops telfairi
Echinops telfairi,Matano1985a,Echinops telfairi
Echinops telfairi,Stephan1981,Echinops telfairi
Echinops telfairi,Stephan1982,Echinops telfairi
Echinops telfairi,Stephan1984,Echinops telfairi
Echinops telfairi,Stephan1987,Echinops telfairi
Echinosorex gymnura,Baron1990,Echinosorex gymnura
Elephantulus fuscipes,Baron1983,Elephantulus fuscipes
Elephantulus fuscipes,Baron1987,Elephantulus fuscipes
Elephantulus fuscipes,Stephan1981,Elephantulus fuscipes
Elephantulus fuscipes,Stephan1982,Elephantulus fuscip.
Elephantulus fuscipes,Stephan1984,Elephantulus fuscipes
Elephantulus fuscipes,Stephan1987,Elephantulus fuscipes
Erinaceus europaeus,Baron1983,Erinaceus europaeus
Erinaceus europaeus,Baron1987,Erinaceus europaeus
Erinaceus europaeus,Baron1988,Erinaceus europaeus
Erinaceus europaeus,Baron1990,Erinaceus europaeus
Erinaceus europaeus,Frahm1982,Erinaceus europaeus
Erinaceus europaeus,Matano1985a,Erinaceus europaeus
Erinaceus europaeus,Stephan1981,Erinaceus europaeus
Erinaceus europaeus,Stephan1982,Erinaceus europaeus
Erinaceus europaeus,Stephan1984,Erinaceus europaeus
Erinaceus europaeus,Stephan1987,Erinaceus europaeus
Erythrocebus patas,Baron1983,Erythrocebus patas
Erythrocebus patas,Baron1987,Erythrocebus patas
Erythrocebus patas,Baron1988,Erythrocebus patas
Erythrocebus patas,Baron1990,Erythrocebus patas
Erythrocebus patas,Frahm1994,Erythrocebus patas
Erythrocebus patas,Frahm98,Erythrocebus patas
Erythrocebus patas,Matano1985b,Erythrocebus patas
Erythrocebus patas,Matano1985a,Erythrocebus patas
Erythrocebus patas,Sherwood_2005,Erythrocebus patas
Erythrocebus patas,Stephan1981,Erythrocebus patas
Erythrocebus patas,Stephan1984,Erythrocebus patas
Erythrocebus patas,Stephan1987,Erythrocebus patas
Erythrocebus patas,deSousa2013,Erythrocebus patas
Eulemur fulvus,Baron1983,Lemur albifrons
Eulemur fulvus,Baron1987,Lemur albifrons
Eulemur fulvus,Baron1988,Lemur albifrons
Eulemur fulvus,Baron1990,Lemur albifrons
Eulemur fulvus,Frahm1982,Lemur albifrons
Eulemur fulvus,Frahm1994,Lemur albifrons
Eulemur fulvus,Frahm_1984,Lemur albifrons
Eulemur fulvus,Matano1985b,Lemur fulvus
Eulemur fulvus,Matano1985a,Lemur fulvus
Eulemur fulvus,Sherwood_2005,Eulemur fulvus
Eulemur fulvus,Stephan1981,Lemur fulvus
Eulemur fulvus,Stephan1982,Lemur albifrons
Eulemur fulvus,Stephan1984,Lemur albifrons
Eulemur fulvus,Stephan1987,Lemur albifrons
Eulemur fulvus,deSousa2010,Eulemur fulvus
Galago senegalensis,Baron1983,Galago senegalensis
Galago senegalensis,Baron1987,Galago senegalensis
Galago senegalensis,Baron1988,Galago senegalensis
Galago senegalensis,Baron1990,Galago senegalensis
Galago senegalensis,Frahm1994,Galago senegalensis
Galago senegalensis,Frahm98,Galago senegalensis
Galago senegalensis,Frahm_1984,Galago senegalensis
Galago senegalensis,Matano1985b,Galago senegalensis
Galago senegalensis,Matano1985a,Galago senegalensis
Galago senegalensis,Sherwood_2005,Galago senegalensis
Galago senegalensis,Stephan1981,Galago senegalensis
Galago senegalensis,Stephan1982,Galago senegalensis
Galago senegalensis,Stephan1984,Galago senegalensis
Galago senegalensis,Stephan1987,Galago senegalensis
Galago senegalensis,deSousa2010,Galago senegalensis
Galagoides demidoff,Baron1983,Galagoides demidoff
Galagoides demidoff,Baron1987,Galagoides demidoff
Galagoides demidoff,Baron1988,Galagoides demidoff
Galagoides demidoff,Baron1990,Galagoides demidoff
Galagoides demidoff,Bauernfeind2013,Galagoides demidoff
Galagoides demidoff,Frahm1982,Galagoides demidoff
Galagoides demidoff,Frahm1994,Galagoides demidoff
Galagoides demidoff,Frahm98,Galagoides demidoff
Galagoides demidoff,Frahm_1984,Galagoides demidoff
Galagoides demidoff,Matano1985b,Galagoides demidoff
Galagoides demidoff,Matano1985a,Galagoides demidoff
Galagoides demidoff,Sherwood_2005,Galagoides demidoff
Galagoides demidoff,Stephan1981,Galago demidovii
Galagoides demidoff,Stephan1982,Galagoides demid.
Galagoides demidoff,Stephan1984,Galagoides demidoff
Galagoides demidoff,Stephan1987,Galagoides demidoff
Galagoides demidoff,deSousa2010,Galagoides demidoff
Galemys pyrenaicus,Baron1983,Galemys pyrenaicus
Galemys pyrenaicus,Baron1987,Galemys pyrenaicus
Galemys pyrenaicus,Baron1988,Galemys pyrenaicus
Galemys pyrenaicus,Baron1990,Galemys pyrenaicus
Galemys pyrenaicus,Stephan1981,Galemys pyrenaicus
Galemys pyrenaicus,Stephan1982,Galemys pyrenaicus
Galemys pyrenaicus,Stephan1984,Galemys pyrenaicus
Galemys pyrenaicus,Stephan1987,Galemys pyrenaicus
Gorilla sp.,Baron1983,Gorilla gorilla
Gorilla sp.,Baron1987,Gorilla gorilla
Gorilla sp.,Baron1988,Gorilla gorilla
Gorilla sp.,Baron1990,Gorilla gorilla
Gorilla sp.,Bauernfeind2013,Gorilla gorilla
Gorilla sp.,Frahm1994,Gorilla gorilla
Gorilla sp.,Frahm_1984,Gorilla gorilla
Gorilla sp.,Matano1985b,Gorilla gorilla
Gorilla sp.,Matano1985a,Gorilla gorilla
Gorilla sp.,Sherwood_2005,Gorilla gorilla
Gorilla sp.,Stephan1981,Gorilla gorilla
Gorilla sp.,Stephan1984,Gorilla gorilla
Gorilla sp.,Stephan1987,Gorilla gorilla
Gorilla sp.,deSousa2010,Gorilla gorilla
Gorilla sp.,deSousa2013,Gorilla gorilla
Hemicentetes semispinosus,Baron1983,Hemicentetes semispin.
Hemicentetes semispinosus,Baron1987,Hemicentetes semispinosus
Hemicentetes semispinosus,Baron1988,Hemicentetes semispinosus
Hemicentetes semispinosus,Baron1990,Hemicentetes semispinosus
Hemicentetes semispinosus,Frahm1982,Hemicentetes semispinosus
Hemicentetes semispinosus,Frahm1994,Hemicentetes semispinosus
Hemicentetes semispinosus,Matano1985a,Hemicentetes semispin.
Hemicentetes semispinosus,Stephan1981,Hemicentetes semispinosus
Hemicentetes semispinosus,Stephan1982,Hemicentetes semisp.
Hemicentetes semispinosus,Stephan1984,Hemicentetes semispin.
Hemicentetes semispinosus,Stephan1987,Hemicentetes semispinosus
Hemiechinus auritus,Baron1983,Hemiechinus auritus
Hemiechinus auritus,Baron1987,Hemiechinus auritus
Hemiechinus auritus,Baron1988,Hemiechinus auritus
Hemiechinus auritus,Baron1990,Hemiechinus auritus
Hemiechinus auritus,Frahm1982,Hemiechinus auritus
Hemiechinus auritus,Stephan1981,Hemiechinus auritus
Hemiechinus auritus,Stephan1982,Hemiechinus auritus
Hemiechinus auritus,Stephan1984,Hemiechinus auritus
Hemiechinus auritus,Stephan1987,Hemiechinus auritus
Homo sapiens,Baron1983,Homo sapiens
Homo sapiens,Baron1987,Homo sapiens
Homo sapiens,Baron1988,Homo sapiens
Homo sapiens,Baron1990,Homo sapiens
Homo sapiens,Bauernfeind2013,Homo sapiens
Homo sapiens,Frahm1982,Homo sapiens
Homo sapiens,Frahm1994,Homo sapiens
Homo sapiens,Frahm_1984,Homo sapiens
Homo sapiens,Matano1985b,Homo sapiens
Homo sapiens,Matano1985a,Homo sapiens
Homo sapiens,Sherwood_2005,Homo sapiens
Homo sapiens,Stephan1981,Homo sapiens sapiens
Homo sapiens,Stephan1984,Homo sapiens
Homo sapiens,Stephan1987,Homo sapiens
Homo sapiens,deSousa2010,Homo sapiens
Homo sapiens,deSousa2013,Homo sapiens
Hylobates lar,Baron1983,Hylobates lar
Hylobates lar,Baron1987,Hylobates lar
Hylobates lar,Baron1988,Hylobates lar
Hylobates lar,Baron1990,Hylobates lar
Hylobates lar,Bauernfeind2013,Hylobates lar
Hylobates lar,Frahm1982,Hylobates lar
Hylobates lar,Frahm1994,Hylobates lar
Hylobates lar,Frahm_1984,Hylobates lar
Hylobates lar,Matano1985b,Hylobates lar
Hylobates lar,Matano1985a,Hylobates lar
Hylobates lar,Sherwood_2005,Hylobates lar
Hylobates lar,Stephan1981,Hylobates lar
Hylobates lar,Stephan1984,Hylobates lar
Hylobates lar,Stephan1987,Hylobates lar
Hylobates lar,deSousa2010,Hylobates lar
Hylobates lar,deSousa2013,Hylobates lar
Hylobates muelleri,Bauernfeind2013,Hylobates muelleri
Hylobates muelleri,deSousa2013,Hylobates muelleri
Hylomys suillus,Baron1990,Hylomys suillus
Indri indri,Baron1983,Indri indri
Indri indri,Baron1987,Indri indri
Indri indri,Baron1988,Indri indri
Indri indri,Baron1990,Indri indri
Indri indri,Bauernfeind2013,Indri indri
Indri indri,Frahm1982,Indri indri
Indri indri,Frahm1994,Indri indri
Indri indri,Frahm98,Indri indri
Indri indri,Frahm_1984,Indri indri
Indri indri,Matano1985b,Indri indri
Indri indri,Matano1985a,Indri indri
Indri indri,Sherwood_2005,Indri indri
Indri indri,Stephan1981,Indri indri
Indri indri,Stephan1982,Indri indri
Indri indri,Stephan1984,Indri indri
Indri indri,Stephan1987,Indri indri
Indri indri,deSousa2010,Indri indri
Lagothrix lagothricha,Baron1983,Lagothrix lagothricha
Lagothrix lagothricha,Baron1987,Lagothrix lagothricha
Lagothrix lagothricha,Baron1988,Lagothrix lagothricha
Lagothrix lagothricha,Baron1990,Lagothrix lagothricha
Lagothrix lagothricha,Frahm1982,Lagothrix lagothricha
Lagothrix lagothricha,Frahm1994,Lagothrix lagothricha
Lagothrix lagothricha,Frahm_1984,Lagothrix lagothricha
Lagothrix lagothricha,Matano1985b,Lagothrix lagothricha
Lagothrix lagothricha,Matano1985a,Lagothrix lagothricha
Lagothrix lagothricha,Sherwood_2005,Lagothrix lagothricha
Lagothrix lagothricha,Stephan1981,Lagothrix lagotricha
Lagothrix lagothricha,Stephan1982,Lagothrix lagothr.
Lagothrix lagothricha,Stephan1984,Lagothrix lagothricha
Lagothrix lagothricha,Stephan1987,Lagothrix lagothricha
Lagothrix lagothricha,deSousa2010,Lagothix lagathricha
Leontopithecus rosalia,Bauernfeind2013,Leontopithecus rosalia
Lepilemur ruficaudatus,Baron1983,Lepilemur ruficaudatus
Lepilemur ruficaudatus,Baron1987,Lepilemur ruficaudatus
Lepilemur ruficaudatus,Baron1988,Lepilemur ruficaudatus
Lepilemur ruficaudatus,Baron1990,Lepilemur ruficaudatus
Lepilemur ruficaudatus,Frahm1982,Lepilemur ruficaudatus
Lepilemur ruficaudatus,Frahm1994,Lepilemur ruficaudatus
Lepilemur ruficaudatus,Frahm_1984,Lepilemur ruficaudatus
Lepilemur ruficaudatus,Matano1985b,Lepilemur ruficaudatus
Lepilemur ruficaudatus,Matano1985a,Lepilemur ruficaudatus
Lepilemur ruficaudatus,Sherwood_2005,Lepilemur ruficaudatus
Lepilemur ruficaudatus,Stephan1981,Lepilemur ruficaudatus
Lepilemur ruficaudatus,Stephan1982,Lepilemur ruficaud.
Lepilemur ruficaudatus,Stephan1984,Lepilemur ruficaudatus
Lepilemur ruficaudatus,Stephan1987,Lepilemur ruficaudatus
Lepilemur ruficaudatus,deSousa2010,Lepilemur ruficaudatus
Lophocebus albigena,Baron1983,Cercocebus albigena
Lophocebus albigena,Baron1987,Cercocebus albigena
Lophocebus albigena,Baron1988,Cercocebus albigena
Lophocebus albigena,Baron1990,Cercocebus albigena
Lophocebus albigena,Bauernfeind2013,Lophocebus albigena
Lophocebus albigena,Frahm1994,Cercocebus albigena
Lophocebus albigena,Frahm98,Cercocebus albigena
Lophocebus albigena,Frahm_1984,Cercocebus albigena
Lophocebus albigena,Matano1985b,Cercocebus albigena
Lophocebus albigena,Matano1985a,Cercocebus albigena
Lophocebus albigena,Sherwood_2005,Lophocebus albigena
Lophocebus albigena,Stephan1981,Cercocebus albigena
Lophocebus albigena,Stephan1984,Cercocebus albigena
Lophocebus albigena,Stephan1987,Cercocebus albigena
Lophocebus albigena,deSousa2010,Lophocebus albigena
Lophocebus albigena,deSousa2013,Lophocebus albigena
Loris tardigradus,Baron1983,Loris tardigradus
Loris tardigradus,Baron1987,Loris tardigradus
Loris tardigradus,Baron1988,Loris tardigradus
Loris tardigradus,Baron1990,Loris tardigradus
Loris tardigradus,Bauernfeind2013,Loris tardigradus
Loris tardigradus,Frahm1994,Loris tardigradus
Loris tardigradus,Frahm98,Loris tardigradus
Loris tardigradus,Frahm_1984,Loris tardigradus
Loris tardigradus,Matano1985b,Loris tardigradus
Loris tardigradus,Matano1985a,Loris tardigradus
Loris tardigradus,Sherwood_2005,Loris tardigradus
Loris tardigradus,Stephan1981,Loris tardigradus
Loris tardigradus,Stephan1982,Loris tardigradus
Loris tardigradus,Stephan1984,Loris tardigradus
Loris tardigradus,Stephan1987,Loris tardigradus
Loris tardigradus,deSousa2010,Loris tardigradus
Macaca fascicularis,deSousa2010,Macaca fascicularis
Macaca fascicularis,deSousa2013,Macaca fascicularis
Macaca maura,Bauernfeind2013,Macaca maura
Macaca mulatta,Baron1983,Macaca mulatta
Macaca mulatta,Baron1987,Macaca mulatta
Macaca mulatta,Baron1988,Macaca mulatta
Macaca mulatta,Baron1990,Macaca mulatta
Macaca mulatta,Frahm98,Macaca mulatta
Macaca mulatta,Frahm_1984,Macaca mulatta
Macaca mulatta,Matano1985b,Macaca mulatta
Macaca mulatta,Matano1985a,Macaca mulatta
Macaca mulatta,Sherwood_2005,Macaca mulatta
Macaca mulatta,Stephan1981,Macaca mulatta
Macaca mulatta,Stephan1984,Macaca mulatta
Macaca mulatta,Stephan1987,Macaca mulatta
Macaca mulatta,deSousa2010,Macaca mulatta
Macaca mulatta,deSousa2013,Macaca mulatta
Microcebus murinus,Baron1983,Microcebus murinus
Microcebus murinus,Baron1987,Microcebus murinus
Microcebus murinus,Baron1988,Microcebus murinus
Microcebus murinus,Baron1990,Microcebus murinus
Microcebus murinus,Frahm1982,Microceblls murinus
Microcebus murinus,Frahm1994,Microcebus murinus
Microcebus murinus,Frahm98,Microcebus murinus
Microcebus murinus,Frahm_1984,Microcebus murinus
Microcebus murinus,Matano1985b,Microcebus murinus
Microcebus murinus,Matano1985a,Microcebus murinus
Microcebus murinus,Sherwood_2005,Microcebus murinus
Microcebus murinus,Stephan1981,Microcebus murinus
Microcebus murinus,Stephan1982,Microcebus murinus
Microcebus murinus,Stephan1984,Microcebus murinus
Microcebus murinus,Stephan1987,Microcebus murinus
Microcebus murinus,deSousa2010,Microcebus murinus
Microgale cowani,Baron1983,Microgale cowani
Microgale cowani,Baron1987,Microgale cowani
Microgale cowani,Stephan1981,Microgale cowani
Microgale cowani,Stephan1982,Microgale cowani
Microgale cowani,Stephan1987,Microgale cowani
Microgale mergulus,Baron1983,Limnogale mergulus
Microgale mergulus,Baron1987,Limnogale mergulus
Microgale mergulus,Stephan1981,Limnogale mergulus
Microgale mergulus,Stephan1982,Limnogale mergulus
Microgale mergulus,Stephan1987,Limnogale mergulus
Micropotamogale lamottei,Baron1983,Micropotamogale lamottei
Micropotamogale lamottei,Baron1987,Micropotamogale lamottei
Micropotamogale lamottei,Stephan1981,Micropotamogale lamottei
Micropotamogale lamottei,Stephan1982,Micropotamogale lam.
Micropotamogale lamottei,Stephan1987,Micropotamogale lamottei
Micropotamogale ruwenzorii,Baron1987,Micropotamogale ruwenzorii
Micropotamogale ruwenzorii,Baron1988,Micropotamogale ruwenzorii
Micropotamogale ruwenzorii,Baron1990,Micropotamogale ruwenzorii
Micropotamogale ruwenzorii,Stephan1987,Micropotamogale ruwenzorii
Microsorex hoyi,Baron1987,Microsoex hoyi
Microsorex hoyi,Baron1988,Microsorex hoyi
Microsorex hoyi,Baron1990,Microsorex hoyi
Microsorex hoyi,Stephan1987,Microsorex hoyi
Miopithecus talapoin,Baron1983,Miopithecus talapoin
Miopithecus talapoin,Baron1987,Miopithecus talapoin
Miopithecus talapoin,Baron1988,Miopithecus talapoin
Miopithecus talapoin,Baron1990,Miopithecus talapoin
Miopithecus talapoin,Frahm1994,Miopithecus talapoin
Miopithecus talapoin,Frahm98,Miopithecus talapoin
Miopithecus talapoin,Frahm_1984,Miopithecus talapoin
Miopithecus talapoin,Matano1985b,Miopithecus talapoin
Miopithecus talapoin,Matano1985a,Miopithecus talapoin
Miopithecus talapoin,Sherwood_2005,Miopithecus talapoin
Miopithecus talapoin,Stephan1981,Cercopithecus talapoin
Miopithecus talapoin,Stephan1984,Miopithecus talapoin
Miopithecus talapoin,Stephan1987,Miopithecus talapoin
Miopithecus talapoin,deSousa2010,Miopithecus talapoin
Miopithecus talapoin,deSousa2013,Miopithecus talapoin
Myosorex babaulti,Baron1987,Myosorex babaulti
Myosorex babaulti,Stephan1987,Myosorex babaulti
Nasalis larvatus,Baron1983,Nasalis larvatus
Nasalis larvatus,Baron1987,Nasalis larvatus
Nasalis larvatus,Baron1988,Nasalis larvatus
Nasalis larvatus,Baron1990,Nasalis larvatus
Nasalis larvatus,Frahm1994,Nasalis larvatus
Nasalis larvatus,Frahm98,Nasalis larvatus
Nasalis larvatus,Matano1985b,Nasalis larvatus
Nasalis larvatus,Matano1985a,Nasalis larvatus
Nasalis larvatus,Sherwood_2005,Nasalis larvatus
Nasalis larvatus,Stephan1981,Nasalis larvatus
Nasalis larvatus,Stephan1984,Nasalis larvatus
Nasalis larvatus,Stephan1987,Nasalis larvatus
Nasalis larvatus,deSousa2013,Nasalis larvatus
Neomys fodiens,Baron1983,Neomys fodiens
Neomys fodiens,Baron1987,Neomys fodiens
Neomys fodiens,Baron1988,Neomys fodiens
Neomys fodiens,Baron1990,Neomys fodiens
Neomys fodiens,Frahm1982,Neomys fodiens
Neomys fodiens,Stephan1981,Neomys fodiens
Neomys fodiens,Stephan1982,Neomys fodiens
Neomys fodiens,Stephan1984,Neomys fodiens
Neomys fodiens,Stephan1987,Neomys fodiens
Nesogale dobsoni,Baron1983,Microgale dobsoni
Nesogale dobsoni,Baron1987,Microgale dobsoni
Nesogale dobsoni,Stephan1981,Nesogale dobsoni
Nesogale dobsoni,Stephan1982,Microgale dobsoni
Nesogale dobsoni,Stephan1987,Microgale dobsoni
Nesogale talazaci,Baron1983,Microgale talazaci
Nesogale talazaci,Baron1987,Microgale talazaci
Nesogale talazaci,Baron1988,Microgale talazaci
Nesogale talazaci,Baron1990,Microgale talazaci
Nesogale talazaci,Stephan1981,Nesogale talazaci
Nesogale talazaci,Stephan1982,Microgale talazaci
Nesogale talazaci,Stephan1987,Microgale talazaci
Nycticebus coucang,Baron1983,Nycticebus coucang
Nycticebus coucang,Baron1987,Nycticebus coucang
Nycticebus coucang,Baron1988,Nycticebus coucang
Nycticebus coucang,Baron1990,Nycticebus coucang
Nycticebus coucang,Frahm1982,Nycticebus coucang
Nycticebus coucang,Frahm1994,Nycticebus coucang
Nycticebus coucang,Frahm_1984,Nycticebus coucang
Nycticebus coucang,Matano1985b,Nycticebus coucang
Nycticebus coucang,Matano1985a,Nycticebus coucang
Nycticebus coucang,Sherwood_2005,Nycticebus coucang
Nycticebus coucang,Stephan1981,Nycticebus coucang
Nycticebus coucang,Stephan1982,Nycticebus coucang
Nycticebus coucang,Stephan1984,Nycticebus coucang
Nycticebus coucang,Stephan1987,Nycticebus coucang
Nycticebus coucang,deSousa2010,Nycticebus coucang
Oryzorictes hova,Baron1983,Oryzoricles talpoides
Oryzorictes hova,Baron1987,Oryzorictes talpoides
Oryzorictes hova,Stephan1981,Oryzorictes talpoides
Oryzorictes hova,Stephan1982,Oryzorictes talpoid.
Oryzorictes hova,Stephan1987,Oryzorictes talpoides
Otolemur crassicaudatus,Baron1983,Otolemur crassicaudatus
Otolemur crassicaudatus,Baron1987,Otolemur crassicaudatus
Otolemur crassicaudatus,Baron1988,Otolemur crassicaudatus
Otolemur crassicaudatus,Baron1990,Otolemur crassicaudatus
Otolemur crassicaudatus,Frahm1994,Otolemur crassicaudatus
Otolemur crassicaudatus,Frahm98,Otolemur crassicaudatus
Otolemur crassicaudatus,Frahm_1984,Otolemur crassicaudatus
Otolemur crassicaudatus,Matano1985b,Otolemur crassicaudatus
Otolemur crassicaudatus,Matano1985a,Otolemur crassicaudatus
Otolemur crassicaudatus,Sherwood_2005,Otolemur crassicaudatus
Otolemur crassicaudatus,Stephan1981,Galago crassicaudatus
Otolemur crassicaudatus,Stephan1982,Otolemur crassic.
Otolemur crassicaudatus,Stephan1984,Otolemur crassicaudatus
Otolemur crassicaudatus,Stephan1987,Otolemur crassicaudatus
Otolemur crassicaudatus,deSousa2010,Otolemur crassicaudatus
Pan paniscus,Bauernfeind2013,Pan paniscus
Pan paniscus,Sherwood_2005,Pan paniscus
Pan paniscus,deSousa2010,Pan paniscus
Pan paniscus,deSousa2013,Pan paniscus
Pan troglodytes,Baron1983,Pan troglodytes
Pan troglodytes,Baron1987,Pan troglodytes
Pan troglodytes,Baron1988,Pan troglodytes
Pan troglodytes,Baron1990,Pan troglodytes
Pan troglodytes,Bauernfeind2013,Pan troglodytes
Pan troglodytes,Frahm1982,Pan troglodytes
Pan troglodytes,Frahm1994,Pan troglodytes
Pan troglodytes,Frahm98,Pan troglodytes
Pan troglodytes,Frahm_1984,Pan troglodytes
Pan troglodytes,Matano1985b,Pan troglodytes
Pan troglodytes,Matano1985a,Pan troglodytes
Pan troglodytes,Sherwood_2005,Pan troglodytes
Pan troglodytes,Stephan1981,Pan troglodytes
Pan troglodytes,Stephan1984,Pan troglodytes
Pan troglodytes,Stephan1987,Pan troglodytes
Pan troglodytes,deSousa2010,Pan troglodytes
Pan troglodytes,deSousa2013,Pan troglodytes
Papio anubis,Baron1983,Papio anubis
Papio anubis,Baron1987,Papio anubis
Papio anubis,Baron1988,Papio anubis
Papio anubis,Baron1990,Papio anubis
Papio anubis,Frahm1982,Papio anubis
Papio anubis,Frahm1994,Papio anubis
Papio anubis,Frahm98,Papio anubis
Papio anubis,Frahm_1984,Papio anubis
Papio anubis,Matano1985b,Papio anubis
Papio anubis,Matano1985a,Papio anubis
Papio anubis,Sherwood_2005,Papio anubis
Papio anubis,Stephan1981,Papio anubis
Papio anubis,Stephan1984,Papio anubis
Papio anubis,Stephan1987,Papio anubis
Papio anubis,deSousa2010,Papio anubis
Papio anubis,deSousa2013,Papio anubis
Perodicticus potto,Baron1983,Perodicticus potto
Perodicticus potto,Baron1987,Perodicticus potto
Perodicticus potto,Baron1988,Perodicticus potto
Perodicticus potto,Baron1990,Perodicticus potto
Perodicticus potto,Bauernfeind2013,Perodicticus potto
Perodicticus potto,Frahm1994,Perodicticus potto
Perodicticus potto,Frahm_1984,Perodicticus potto
Perodicticus potto,Matano1985b,Perodicticus potto
Perodicticus potto,Matano1985a,Perodicticus potto
Perodicticus potto,Sherwood_2005,Perodicticus potto
Perodicticus potto,Stephan1981,Perodicticus potto
Perodicticus potto,Stephan1982,Perodicticus potto
Perodicticus potto,Stephan1984,Perodicticus potto
Perodicticus potto,Stephan1987,Perodicticus potto
Perodicticus potto,deSousa2010,Perodicticus potto
Piliocolobus badius,Baron1983,Colobus badius
Piliocolobus badius,Baron1987,Colobus badius
Piliocolobus badius,Baron1988,Colobus badius
Piliocolobus badius,Baron1990,Colobus badius
Piliocolobus badius,Bauernfeind2013,Piliocolobus badius
Piliocolobus badius,Frahm1982,Colobus badius
Piliocolobus badius,Frahm1994,Colobus badius
Piliocolobus badius,Frahm_1984,Colobus badius
Piliocolobus badius,Matano1985b,Colobus badius
Piliocolobus badius,Matano1985a,Colobus badius
Piliocolobus badius,Sherwood_2005,Procolobus badius
Piliocolobus badius,Stephan1981,Colobus badius
Piliocolobus badius,Stephan1984,Colobus badius
Piliocolobus badius,Stephan1987,Colobus badius
Piliocolobus badius,deSousa2010,Procolobus badius
Piliocolobus badius,deSousa2013,Piliocolobus badius
Pithecia monachus,Baron1983,Pithecia monachus
Pithecia monachus,Baron1987,Pithecia monachus
Pithecia monachus,Baron1988,Pithecia monachus
Pithecia monachus,Baron1990,Pithecia monachus
Pithecia monachus,Frahm1994,Pithecia monachus
Pithecia monachus,Frahm98,Pithecia monachus
Pithecia monachus,Frahm_1984,Pithecia monachus
Pithecia monachus,Matano1985b,Pithecia monachus
Pithecia monachus,Matano1985a,Pithecia monachus
Pithecia monachus,Sherwood_2005,Pithecia monachus
Pithecia monachus,Stephan1981,Pithecia monacha
Pithecia monachus,Stephan1982,Pithecia monachus
Pithecia monachus,Stephan1984,Pithecia monachus
Pithecia monachus,Stephan1987,Pithecia monachus
Pithecia monachus,deSousa2010,Pithecia monachus
Pithecia pithecia,Bauernfeind2013,Pithecia pithecia
Pongo sp.,Bauernfeind2013,Pongo pygmaeus and Pongo abelii
Pongo sp.,Sherwood_2005,Pongo pygmaeus
Pongo sp.,Stephan1981,Pongo abelii
Pongo sp.,Zilles1988,Pongo sp.
Pongo sp.,deSousa2010,Pongo pygmaeus
Pongo sp.,deSousa2013,Pongo pygmaeus
Potamogale velox,Baron1983,Potamogale velox
Potamogale velox,Baron1987,Potamogale velox
Potamogale velox,Baron1988,Potamogale velox
Potamogale velox,Baron1990,Potamogale velox
Potamogale velox,Stephan1981,Potamogale velox
Potamogale velox,Stephan1982,Potamogale velox
Potamogale velox,Stephan1987,Potamogale velox
Propithecus verreauxi,Baron1983,Propithecus verreauxi
Propithecus verreauxi,Baron1987,Propithecus verreauxi
Propithecus verreauxi,Baron1988,Propithecus verreauxi
Propithecus verreauxi,Baron1990,Propithecus verreauxi
Propithecus verreauxi,Frahm1982,Propithecus verreauxi
Propithecus verreauxi,Frahm1994,Propithecus verreauxi
Propithecus verreauxi,Frahm_1984,Propithecus verreauxi
Propithecus verreauxi,Matano1985b,Propithecus verreauxi
Propithecus verreauxi,Matano1985a,Propithecus verreauxi
Propithecus verreauxi,Sherwood_2005,Propithecus verreauxi
Propithecus verreauxi,Stephan1981,Propithecus verreauxi
Propithecus verreauxi,Stephan1982,Propithecus verreau.
Propithecus verreauxi,Stephan1984,Propithecus verreauxi
Propithecus verreauxi,Stephan1987,Propithecus verreauxi
Propithecus verreauxi,deSousa2010,Propithecus verreauxi
Pygathrix nemaeus,Baron1983,Pygathrix nemaeus
Pygathrix nemaeus,Baron1987,Pygathrix nemaeus
Pygathrix nemaeus,Baron1988,Pygathrix nemaeus
Pygathrix nemaeus,Baron1990,Pygathrix nemaeus
Pygathrix nemaeus,Frahm1994,Pygathrix nemaeus
Pygathrix nemaeus,Matano1985b,Pygathrix nemaeus
Pygathrix nemaeus,Matano1985a,Pygathrix nemaeus
Pygathrix nemaeus,Sherwood_2005,Pygathrix nemaeus
Pygathrix nemaeus,Stephan1981,Pygathrix nemaeus
Pygathrix nemaeus,Stephan1987,Pygathrix nemaeus
Pygathrix nemaeus,deSousa2013,Pygathrix nemaeus
Rattus norvegicus,Frahm1997,Rattus norvegicus
Rhynchocyon cirnei,Baron1983,Rhynchocyon cirnei
Rhynchocyon cirnei,Baron1987,Rhynchocyon cirnei
Rhynchocyon cirnei,Stephan1981,Rhynchocyon stuhlmanni
Rhynchocyon cirnei,Stephan1982,Rhynchocyon cirnei
Rhynchocyon cirnei,Stephan1987,Rhynchocyon cirnei
Ruwenzorisorex suncoides,Baron1987,Ruwensorisorex suncoides
Ruwenzorisorex suncoides,Baron1988,Ruwenzorisorex suncoides
Ruwenzorisorex suncoides,Baron1990,Ruwenzorisorex suncoides
Ruwenzorisorex suncoides,Stephan1987,Ruwenzorisorex suncoides
Saguinus geoffroyi,Bauernfeind2013,Saguinus geoffroyi
Saguinus midas,Baron1983,Saguinus midas
Saguinus midas,Baron1987,Saguinus midas tamarin
Saguinus midas,Baron1988,Saguinus midas tamarin
Saguinus midas,Baron1990,Saguinus midas
Saguinus midas,Frahm1994,Saguinus midas tamarin
Saguinus midas,Frahm98,Saguinus midas
Saguinus midas,Frahm_1984,Saguinus midas
Saguinus midas,Matano1985b,Saguinus midas
Saguinus midas,Matano1985a,Saguinus midas
Saguinus midas,Sherwood_2005,Saguinus midas
Saguinus midas,Stephan1981,Saguinus tamarin
Saguinus midas,Stephan1982,Saguinus midas
Saguinus midas,Stephan1987,Saguinus midas tamarin
Saguinus midas,deSousa2010,Sanguinus midas
Saguinus oedipus,Baron1983,Saguinus oedipus
Saguinus oedipus,Baron1987,Saguinus oedipus
Saguinus oedipus,Baron1988,Saguinus oedipus
Saguinus oedipus,Baron1990,Saguinus oedipus
Saguinus oedipus,Bauernfeind2013,Saguinus oedipus
Saguinus oedipus,Frahm1994,Saguinus oedipus
Saguinus oedipus,Frahm98,Saguinus oedipus
Saguinus oedipus,Frahm_1984,Saguinus oedipus
Saguinus oedipus,Matano1985b,Saguinus oedipus
Saguinus oedipus,Matano1985a,Saguinus oedipus
Saguinus oedipus,Sherwood_2005,Saguinus oedipus
Saguinus oedipus,Stephan1981,Saguinus oedipus
Saguinus oedipus,Stephan1982,Saguinus oedipus
Saguinus oedipus,Stephan1984,Saguinus oedipus
Saguinus oedipus,Stephan1987,Saguinus oedipus
Saguinus oedipus,deSousa2010,Sanguinus oedipus
Saimiri sciureus,Baron1983,Saimiri sciureus
Saimiri sciureus,Baron1987,Saimiri sciureus
Saimiri sciureus,Baron1988,Saimiri sciureus
Saimiri sciureus,Baron1990,Saimiri sciureus
Saimiri sciureus,Frahm1982,Saimiri sciureus
Saimiri sciureus,Frahm1994,Saimiri sciureus
Saimiri sciureus,Frahm_1984,Saimiri sciureus
Saimiri sciureus,Matano1985b,Saimiri sciureus
Saimiri sciureus,Matano1985a,Saimiri sciureus
Saimiri sciureus,Sherwood_2005,Saimiri sciureus
Saimiri sciureus,Stephan1981,Saimiri sciureus
Saimiri sciureus,Stephan1982,Saimiri sciureus
Saimiri sciureus,Stephan1984,Saimiri sciureus
Saimiri sciureus,Stephan1987,Saimiri sciureus
Saimiri sciureus,deSousa2010,Saimiri sciureus
ScutisorexÃsomereni,Baron1987,Scuisorex somereni
ScutisorexÃsomereni,Baron1988,ScutisorexÃsomereni
ScutisorexÃsomereni,Baron1990,ScutisorexÃsomereni
ScutisorexÃsomereni,Stephan1987,Scutisorex somereni
Setifer setosus,Baron1983,Setifer setosus
Setifer setosus,Baron1987,Setifer setosus
Setifer setosus,Baron1988,Setifer setosus
Setifer setosus,Baron1990,Setifer setosus
Setifer setosus,Frahm1982,Setifer setosus
Setifer setosus,Frahm1994,Setifer setosus
Setifer setosus,Matano1985a,Setifer setosus
Setifer setosus,Stephan1981,Setifer setosus
Setifer setosus,Stephan1982,Setifer setosus
Setifer setosus,Stephan1984,Setifer setosus
Setifer setosus,Stephan1987,Setifer setosus
Solenodon paradoxus,Baron1983,Solenodon paradoxus
Solenodon paradoxus,Baron1987,Solenodon paradoxus
Solenodon paradoxus,Baron1988,Solenodon paradoxus
Solenodon paradoxus,Baron1990,Solenodon paradoxus
Solenodon paradoxus,Stephan1981,Solenodon paradoxus
Solenodon paradoxus,Stephan1982,Solenodon paradoxus
Solenodon paradoxus,Stephan1987,Solenodon paradoxus
Sorex araneus,Baron1983,Sorex araneus
Sorex araneus,Baron1987,Sorex araneus
Sorex araneus,Baron1988,Sorex araneus
Sorex araneus,Baron1990,Sorex araneus
Sorex araneus,Frahm1982,Sorex araneus
Sorex araneus,Matano1985a,Sorex araneus
Sorex araneus,Stephan1981,Sorex araneus
Sorex araneus,Stephan1982,Sorex araneus
Sorex araneus,Stephan1984,Sorex araneus
Sorex araneus,Stephan1987,Sorex araneus
Sorex cinereus,Baron1987,Sorex cinereus
Sorex cinereus,Baron1988,Sorex cinereus
Sorex cinereus,Baron1990,Sorex cinereus
Sorex cinereus,Stephan1987,Sorex cinereus
Sorex fumeus,Baron1987,Sorex fumeus
Sorex fumeus,Stephan1987,Sorex fumeus
Sorex minutus,Baron1983,Sorex minutus
Sorex minutus,Baron1987,Sorex minutus
Sorex minutus,Frahm1982,Sorex minutus
Sorex minutus,Matano1985a,Sorex minutus
Sorex minutus,Stephan1981,Sorex minutus
Sorex minutus,Stephan1982,Sorex minutus
Sorex minutus,Stephan1984,Sorex minutus
Sorex minutus,Stephan1987,Sorex minutus
Spalax ehrenbergi,Frahm1997,Spalax ehrenbergi
Suncus etruscus,Baron1987,Suncus etruscus
Suncus etruscus,Baron1988,Suncus etruscus
Suncus etruscus,Baron1990,Suncus etruscus
Suncus etruscus,Stephan1987,Suncus etruscus
Suncus megalura,Baron1987,Suncus megalura
Suncus megalura,Baron1988,Sylvisorex megalura
Suncus megalura,Baron1990,Sylvisorex megalura
Suncus megalura,Stephan1987,Sylvisorex megalura
Suncus murinus,Baron1983,Suncus murinus
Suncus murinus,Baron1987,Suncus murinus
Suncus murinus,Baron1988,Suncus murinus
Suncus murinus,Baron1990,Suncus murinus
Suncus murinus,Frahm1982,Suncus murinus
Suncus murinus,Matano1985a,Suncus murinus
Suncus murinus,Stephan1981,Suncus murinus
Suncus murinus,Stephan1982,Suncus murinus
Suncus murinus,Stephan1984,Suncus murinus
Suncus murinus,Stephan1987,Suncus murinus
Sylvisorex granti,Baron1987,Sylvisorex granti
Sylvisorex granti,Stephan1987,Sylvisorex granti
Symphalangus syndactylus,Bauernfeind2013,Symphalangus syndactylus
Symphalangus syndactylus,deSousa2013,Symphalangus syndactylus
Talpa europaea,Baron1983,Talpa europaea
Talpa europaea,Baron1987,Talpa europaea
Talpa europaea,Baron1988,Talpa europaea
Talpa europaea,Baron1990,Talpa europea
Talpa europaea,Stephan1981,Talpa europaea
Talpa europaea,Stephan1982,Talpa europaea
Talpa europaea,Stephan1984,Talpa europaea
Talpa europaea,Stephan1987,Talpa europaea
Tarsius sp.,Baron1983,Tarsius spp.
Tarsius sp.,Baron1987,Tarsius spp.
Tarsius sp.,Baron1988,Tarsius spp.
Tarsius sp.,Baron1990,Tarsius spp.
Tarsius sp.,Frahm1982,Tarsius sp.
Tarsius sp.,Frahm1994,Tarsius spec.
Tarsius sp.,Frahm98,Tarsius spec.
Tarsius sp.,Frahm_1984,Tarsius sp.
Tarsius sp.,Matano1985b,Tarsius spp.
Tarsius sp.,Matano1985a,Tarsius spp.
Tarsius sp.,Sherwood_2005,Tarsius syrichta
Tarsius sp.,Stephan1981,Tarsius sp.
Tarsius sp.,Stephan1982,Tarsius sp.
Tarsius sp.,Stephan1984,Tarsius spp.
Tarsius sp.,Stephan1987,Tarsius spp.
Tarsius sp.,deSousa2010,Tarsius syrichta
Tenrec ecaudatus,Baron1983,Tenrec ecaudatus
Tenrec ecaudatus,Baron1987,Tenrec ecaudatus
Tenrec ecaudatus,Baron1988,Tenrec ecaudatus
Tenrec ecaudatus,Baron1990,Tenrec ecaudatus
Tenrec ecaudatus,Frahm1982,Tenrec ecaudatus
Tenrec ecaudatus,Frahm1994,Tenrec ecaudatus
Tenrec ecaudatus,Matano1985b,Tenrec ecaudatus
Tenrec ecaudatus,Matano1985a,Tenrec ecaudatus
Tenrec ecaudatus,Stephan1981,Tenrec ecaudatus
Tenrec ecaudatus,Stephan1982,Tenrec ecaudatus
Tenrec ecaudatus,Stephan1984,Tenrec ecaudatus
Tenrec ecaudatus,Stephan1987,Tenrec ecaudatus
Trachypithecus francoisi,Bauernfeind2013,Trachypithecus francoisi
Tupaia glis,Baron1983,Tupaia glis
Tupaia glis,Baron1987,Tupaia glis
Tupaia glis,Baron1988,Tupaia glis
Tupaia glis,Baron1990,Tupaia glis
Tupaia glis,Frahm1982,Tupaia glis
Tupaia glis,Frahm_1984,Tupaia glis
Tupaia glis,Matano1985b,Tupaia glis
Tupaia glis,Matano1985a,Tupaia glis
Tupaia glis,Stephan1981,Tupaia glis
Tupaia glis,Stephan1982,Tupaia glis
Tupaia glis,Stephan1984,Tupaia glis
Tupaia glis,Stephan1987,Tupaia glis
Tupaia minor,Baron1983,Tupaia minor
Tupaia minor,Baron1987,Tupaia minor
Tupaia minor,Baron1988,Tupaia minor
Tupaia minor,Baron1990,Tupaia minor
Tupaia minor,Frahm_1984,Tupaia minor
Tupaia minor,Stephan1981,Tupaia minor
Tupaia minor,Stephan1984,Tupaia minor
Tupaia minor,Stephan1987,Tupaia minor
Urogale everetti,Baron1983,Urogale everetti
Urogale everetti,Baron1987,Urogale everetti
Urogale everetti,Baron1988,Urogale everetti
Urogale everetti,Baron1990,Urogale everetti
Urogale everetti,Frahm1982,Urogale everetti
Urogale everetti,Frahm_1984,Urogale everetti
Urogale everetti,Matano1985b,Urogale everetti
Urogale everetti,Matano1985a,Urogale everetti
Urogale everetti,Stephan1981,Urogale everetti
Urogale everetti,Stephan1982,Urogale everetti
Urogale everetti,Stephan1984,Urogale everetti
Urogale everetti,Stephan1987,Urogale everetti
Varecia variegata,Baron1983,Varecia variegata
Varecia variegata,Baron1987,Varecia variegata
Varecia variegata,Baron1988,Varecia variegata
Varecia variegata,Baron1990,Varecia variegata
Varecia variegata,Bauernfeind2013,Varecia variegata
Varecia variegata,Frahm1994,Varecia variegata
Varecia variegata,Frahm_1984,Varecia variegata
Varecia variegata,Matano1985b,Varecia variegata
Varecia variegata,Matano1985a,Varecia variegata
Varecia variegata,Sherwood_2005,Varecia variegata
Varecia variegata,Stephan1981,Lemur variegatus
Varecia variegata,Stephan1982,Varecia variegata
Varecia variegata,Stephan1984,Varecia variegata
Varecia variegata,Stephan1987,Varecia variegata
Varecia variegata,deSousa2010,Varecia variegata
Homo sapiens,Barger2007,Homo sapiens
Pan troglodytes,Barger2007,Pan troglodytes
Pan paniscus,Barger2007,Pan paniscus
Gorilla sp.,Barger2007,Gorilla gorilla
Pongo sp.,Barger2007,Pongo pygmaeus
Hylobates lar,Barger2007,Hylobates lar
Gorilla sp.,Semendeferi,Gorilla gorilla
Pongo sp.,Semendeferi,Pongo pygmaeus
Atelerix algirus,Stephan1970,Aethechinus algirus
Microgale mergulus,Stephan1970,Limnogale mergulus
Chrysochloris stuhlmanni,Stephan1970,Chlorotalpa stuhlmanni
Eulemur fulvus,Stephan1970,Lemur fulvus
Varecia variegata,Stephan1970,Lemur variegatus
Loris tardigradus,Stephan1970,Loris gracilis
Galagoides demidoff,Stephan1970,Galago demidovii
Otolemur crassicaudatus,Stephan1970,Galago crassicaudatus
Saguinus midas,Stephan1970,Saguinus tamarin
Aotus trivirgatus,Stephan1970,Aotes trivirgatus
Pithecia monachus,Stephan1970,Pithecia monacha
Lagothrix lagothricha,Stephan1970,Lagothrix logotricha
Lophocebus albigena,Stephan1970,Cercocebus albigena
Miopithecus talapoin,Stephan1970,Cercopithecus talapoin
Piliocolobus badius,Stephan1970,Colobus badius
Eulemur fulvus,DeCasien,Eulemur fulvus fulvus
Gorilla sp.,DeCasien,Gorilla gorilla gorilla
Lagothrix lagothricha,DeCasien,Lagothrix lagotricha
Pan troglodytes,DeCasien,Pan troglodytes troglodytes
Tarsius sp.,DeCasien,Tarsius syrichta
Varecia variegata,DeCasien,Varecia variegata variegata